Data Point,1_clusters,2_clusters,3_clusters,4_clusters,5_clusters,6_clusters,7_clusters,8_clusters,9_clusters,10_clusters
0,0,1,1,3,3,3,4,2,2,2
1,0,1,1,3,3,3,4,2,2,2
2,0,0,2,2,2,2,3,7,8,8
3,0,1,2,2,2,2,3,7,8,8
4,0,0,2,2,2,5,5,6,6,6
5,0,1,1,1,4,4,6,5,5,5
6,0,1,1,3,3,3,4,2,2,2
7,0,0,2,2,2,2,2,7,7,7
8,0,1,2,2,2,2,2,7,7,7
9,0,1,1,1,4,4,6,5,3,3
10,0,1,2,2,1,1,3,1,8,8
11,0,1,1,3,3,3,4,2,2,2
12,0,0,0,0,0,0,0,0,0,9
13,0,1,2,2,2,2,3,7,8,8
14,0,1,1,3,3,3,4,1,1,1
15,0,1,1,3,3,3,4,5,5,2
16,0,1,2,2,1,1,1,1,8,8
17,0,1,1,3,1,1,1,1,1,1
18,0,1,1,3,3,3,4,2,2,2
19,0,1,1,3,3,3,4,2,2,2
20,0,1,1,3,1,3,4,1,1,1
21,0,1,1,3,3,3,4,2,2,2
22,0,1,1,3,3,3,4,2,2,2
23,0,1,1,3,1,1,1,4,1,1
24,0,0,2,2,2,2,3,7,8,8
25,0,1,1,3,1,1,1,1,1,1
26,0,1,2,2,2,2,2,7,8,8
27,0,1,2,3,3,3,3,2,8,8
28,0,0,2,2,2,2,2,7,7,7
29,0,1,2,2,2,2,2,7,7,7
30,0,1,1,1,4,4,6,3,3,3
31,0,1,2,2,2,2,3,7,8,8
32,0,1,1,3,3,3,4,2,2,2
33,0,1,2,2,2,2,3,7,8,8
34,0,1,1,3,3,3,4,2,2,2
35,0,1,1,3,3,3,4,2,2,2
36,0,1,1,3,3,3,4,2,2,0
37,0,1,2,2,1,1,1,1,8,8
38,0,0,0,2,2,2,3,7,7,0
39,0,1,2,2,2,2,2,7,7,7
40,0,1,2,2,2,2,2,7,7,7
41,0,1,1,1,4,4,6,3,3,5
42,0,0,2,2,1,1,1,4,4,4
43,0,1,2,2,2,2,2,7,7,7
44,0,1,2,2,2,2,3,7,8,8
45,0,1,1,3,3,3,4,2,2,2
46,0,1,1,3,3,3,4,2,2,2
47,0,1,1,3,3,3,4,2,2,0
48,0,1,1,3,3,3,4,2,2,0
49,0,1,1,3,3,3,4,2,2,2
50,0,1,1,3,3,3,4,1,1,1
51,0,1,1,3,3,3,4,2,2,0
52,0,1,1,0,0,0,0,0,0,0
53,0,1,1,1,4,4,6,5,5,5
54,0,0,2,2,2,2,3,7,8,8
55,0,0,2,2,1,1,1,4,4,4
56,0,0,0,0,0,0,0,0,0,0
57,0,1,2,2,1,1,1,1,8,8
58,0,0,2,2,2,2,3,7,8,8
59,0,1,1,3,1,1,1,1,1,1
60,0,0,0,0,0,0,0,0,0,9
61,0,1,2,2,2,2,3,1,8,8
62,0,0,2,2,2,2,3,7,8,8
63,0,0,0,0,0,0,0,0,0,9
64,0,1,2,2,2,2,2,7,7,7
65,0,1,1,3,3,3,4,2,2,2
66,0,1,2,2,1,1,1,1,1,1
67,0,0,2,2,2,2,3,7,8,8
68,0,0,0,0,0,0,0,0,0,9
69,0,0,0,0,0,0,0,0,0,9
70,0,0,2,2,2,2,3,7,8,8
71,0,1,2,2,2,2,3,7,8,8
72,0,1,1,3,3,3,4,2,2,2
73,0,1,1,3,3,3,2,2,7,2
74,0,0,2,2,2,5,5,6,6,6
75,0,1,1,3,3,3,4,2,2,0
76,0,1,1,3,3,3,4,2,2,2
77,0,1,1,3,3,3,4,2,2,2
78,0,1,2,2,2,2,2,7,8,7
79,0,0,2,2,2,2,2,7,7,7
80,0,0,2,2,1,1,1,4,4,4
81,0,1,1,1,4,4,6,5,5,3
82,0,0,0,0,0,0,0,0,0,9
83,0,0,2,2,2,2,3,7,7,7
84,0,0,2,2,2,2,3,7,8,8
85,0,1,2,2,1,1,1,1,1,1
86,0,0,0,0,0,0,0,0,0,9
87,0,1,2,2,2,2,2,7,7,7
88,0,1,2,2,2,2,3,7,8,8
89,0,1,2,1,4,4,6,3,3,5
90,0,1,1,3,3,3,4,2,2,2
91,0,0,0,0,0,0,0,0,0,9
92,0,1,1,3,3,3,4,2,2,2
93,0,1,2,2,2,2,3,7,8,8
94,0,1,1,3,3,3,4,2,2,2
95,0,1,2,2,2,2,3,7,8,8
96,0,1,2,2,2,2,2,7,7,7
97,0,0,0,0,0,0,0,0,0,9
98,0,1,1,3,3,3,4,2,2,2
99,0,1,2,2,2,2,3,7,8,8
100,0,1,1,3,3,3,4,2,2,2
101,0,1,1,1,4,4,6,3,3,3
102,0,1,2,2,2,2,3,7,8,8
103,0,1,1,3,3,3,4,1,1,1
104,0,1,1,3,3,3,4,1,1,1
105,0,0,0,0,0,0,0,0,0,9
106,0,1,1,3,3,3,4,2,2,2
107,0,1,2,2,2,2,3,7,8,8
108,0,1,1,3,3,3,4,1,1,1
109,0,1,2,3,3,3,3,2,8,8
110,0,1,1,3,3,3,2,1,7,7
111,0,1,1,3,3,3,4,2,2,2
112,0,0,0,0,0,0,0,0,0,9
113,0,1,1,3,3,3,4,1,1,1
114,0,1,1,3,3,3,4,1,1,1
115,0,1,1,3,3,3,4,2,2,2
116,0,0,2,2,2,2,3,7,8,8
117,0,1,1,3,3,3,2,2,7,7
118,0,1,1,1,4,4,6,3,3,3
119,0,1,1,3,3,3,4,2,2,2
120,0,0,2,2,2,2,2,7,7,7
121,0,0,0,0,0,0,0,0,0,9
122,0,1,1,3,3,3,4,1,1,1
123,0,1,1,0,3,3,4,2,2,0
124,0,1,1,1,4,4,6,5,5,3
125,0,1,1,3,1,3,4,1,1,1
126,0,0,0,0,0,0,0,0,7,0
127,0,1,2,2,1,1,1,4,4,4
128,0,0,2,2,2,2,3,7,8,8
129,0,0,0,0,0,0,0,0,0,9
130,0,1,1,3,3,3,4,2,2,2
131,0,1,1,3,3,3,4,2,2,2
132,0,1,1,1,1,1,6,1,1,1
133,0,1,1,3,3,3,4,1,1,1
134,0,1,2,3,1,3,3,1,1,1
135,0,1,2,2,2,2,3,7,8,8
136,0,1,1,3,3,3,4,2,2,2
137,0,1,2,2,1,1,2,1,7,7
138,0,0,2,2,2,2,3,7,8,8
139,0,1,2,2,2,2,2,7,7,7
140,0,1,1,3,3,3,4,2,2,0
141,0,0,0,0,0,0,0,0,0,9
142,0,1,1,3,3,3,4,2,2,2
143,0,0,0,0,0,0,0,0,0,0
144,0,0,2,2,2,2,2,7,7,7
145,0,0,2,2,2,2,3,7,7,8
146,0,0,2,2,2,2,3,7,8,8
147,0,1,1,3,1,1,1,1,1,1
148,0,1,1,1,4,4,6,5,3,5
149,0,1,1,3,1,1,1,1,1,1
150,0,1,1,3,3,3,4,2,2,2
151,0,1,1,3,3,3,4,2,2,0
152,0,0,2,2,2,2,2,7,7,7
153,0,0,2,2,2,2,3,7,8,8
154,0,0,2,2,2,5,5,6,6,6
155,0,1,2,2,2,2,2,7,7,7
156,0,0,0,0,0,0,0,0,0,9
157,0,1,2,2,2,2,3,7,8,8
158,0,0,0,0,0,0,0,0,0,9
159,0,1,1,3,3,3,4,2,2,0
160,0,1,2,2,2,2,3,7,8,8
161,0,1,2,1,4,4,6,3,3,5
162,0,1,2,2,3,2,3,1,8,8
163,0,0,0,0,0,0,0,0,0,9
164,0,1,1,3,3,3,4,2,2,2
165,0,1,2,2,1,1,1,1,1,1
166,0,1,2,2,2,2,2,7,7,7
167,0,1,1,3,3,3,4,2,2,2
168,0,0,2,2,2,2,2,7,7,7
169,0,1,2,1,4,4,6,3,3,5
170,0,0,0,0,0,0,0,0,0,0
171,0,1,1,3,3,3,4,1,1,1
172,0,0,0,0,0,0,0,0,0,0
173,0,1,1,1,4,4,6,5,5,5
174,0,1,2,2,2,2,3,7,8,8
175,0,1,1,3,3,3,4,2,2,2
176,0,0,0,0,2,2,2,7,7,7
177,0,1,1,1,4,4,6,3,3,3
178,0,0,0,0,0,0,0,0,0,0
179,0,1,1,3,3,3,4,2,2,0
180,0,1,1,2,2,2,2,7,7,7
181,0,1,1,3,3,3,2,2,7,7
182,0,1,2,2,2,2,2,7,7,7
183,0,1,1,2,2,2,2,7,7,7
184,0,1,2,2,2,2,3,7,8,8
185,0,1,1,1,1,1,1,1,1,1
186,0,0,2,2,1,1,1,4,4,4
187,0,1,1,1,4,4,6,5,5,5
188,0,1,1,3,3,3,4,2,2,2
189,0,1,1,3,1,1,1,1,1,1
190,0,1,1,3,3,3,4,2,2,0
191,0,0,0,0,0,0,0,0,0,9
192,0,1,1,3,3,3,2,5,5,2
193,0,1,1,3,3,3,4,2,2,2
194,0,1,1,3,3,3,2,2,7,2
195,0,1,1,3,3,3,2,1,1,1
196,0,0,2,2,2,0,0,7,7,9
197,0,1,2,3,1,1,1,4,4,4
198,0,0,0,0,0,0,0,0,1,0
199,0,1,1,3,3,3,4,2,2,2
200,0,0,2,2,2,2,3,7,8,8
201,0,1,1,1,4,4,6,5,5,5
202,0,1,1,3,3,3,2,5,7,7
203,0,1,1,3,1,3,2,1,7,7
204,0,1,2,2,2,2,2,7,7,7
205,0,0,2,2,2,2,2,7,7,7
206,0,0,1,3,2,5,5,6,6,6
207,0,1,2,2,2,2,2,7,7,7
208,0,1,2,2,1,1,1,4,4,4
209,0,1,1,1,4,4,6,5,5,3
210,0,0,2,2,2,2,3,7,8,8
211,0,0,0,0,0,0,0,0,0,9
212,0,1,2,1,1,1,1,3,3,5
213,0,0,0,0,0,0,0,0,0,9
214,0,1,1,1,4,4,6,3,3,3
215,0,1,2,2,2,2,2,7,7,7
216,0,1,2,2,1,1,1,4,4,4
217,0,1,1,3,3,3,4,2,2,2
218,0,1,1,3,3,3,4,2,2,2
219,0,1,2,2,2,2,2,7,7,7
220,0,0,0,0,0,0,0,0,0,9
221,0,1,2,2,2,2,3,7,8,8
222,0,1,2,2,1,1,3,1,8,8
223,0,1,1,3,3,3,2,7,2,2
224,0,1,1,1,1,1,1,1,1,1
225,0,1,1,3,3,3,4,2,1,0
226,0,0,0,0,0,0,0,0,0,9
227,0,1,1,1,4,4,6,5,5,5
228,0,0,0,0,0,0,0,0,0,9
229,0,1,1,3,1,3,4,1,1,1
230,0,1,2,2,2,2,3,7,8,8
231,0,1,1,3,3,3,4,2,2,2
232,0,1,1,1,4,4,6,5,3,3
233,0,1,2,2,2,2,2,7,8,2
234,0,1,1,1,4,4,6,5,5,3
235,0,0,2,2,1,1,1,4,4,4
236,0,0,0,0,0,0,0,0,0,0
237,0,0,0,0,3,3,2,2,7,0
238,0,1,1,3,3,3,4,5,5,2
239,0,1,1,3,3,3,4,2,2,2
240,0,1,1,3,3,3,4,2,2,2
241,0,1,2,2,1,1,1,1,4,4
242,0,0,0,0,0,0,2,0,7,7
243,0,1,1,3,3,3,4,2,2,2
244,0,1,1,3,3,3,4,2,2,0
245,0,1,2,2,2,2,3,7,8,8
246,0,1,1,3,3,3,4,2,2,2
247,0,1,2,2,2,2,3,7,8,8
248,0,0,0,0,2,5,5,6,6,6
249,0,1,2,2,2,2,2,7,7,7
250,0,1,1,3,3,3,4,2,2,0
251,0,0,2,2,2,2,3,7,8,8
252,0,0,0,2,0,0,0,0,0,9
253,0,1,1,3,1,1,1,1,1,1
254,0,0,2,2,2,2,3,7,8,8
255,0,1,2,2,1,1,1,1,4,4
256,0,1,1,3,3,3,4,2,2,2
257,0,1,1,3,3,3,4,2,2,2
258,0,1,2,1,4,1,6,3,3,5
259,0,1,1,3,3,3,4,2,2,2
260,0,1,1,3,3,3,4,2,2,2
261,0,1,2,2,1,1,2,1,7,7
262,0,1,1,1,4,4,6,5,5,5
263,0,1,1,1,4,4,6,5,5,5
264,0,1,1,1,4,4,6,3,5,3
265,0,1,1,3,3,3,4,1,2,2
266,0,1,2,2,1,1,1,1,1,1
267,0,1,2,2,2,2,2,7,8,8
268,0,1,1,1,4,4,6,3,3,3
269,0,0,2,2,2,5,5,6,6,6
270,0,1,1,3,3,3,4,2,2,2
271,0,1,1,3,3,3,4,1,1,1
272,0,0,0,0,0,0,0,0,0,9
273,0,1,2,2,2,2,2,7,7,7
274,0,1,1,3,3,3,4,2,2,2
275,0,1,1,3,3,3,4,2,2,2
276,0,1,2,3,1,1,1,4,4,4
277,0,1,1,3,3,3,4,2,2,2
278,0,1,1,3,1,3,4,1,1,1
279,0,1,1,3,3,3,4,1,2,2
280,0,1,1,1,4,4,6,5,5,3
281,0,0,0,0,0,0,0,0,0,0
282,0,1,1,3,3,3,4,2,2,2
283,0,0,0,0,0,0,0,0,0,9
284,0,0,0,0,0,5,5,6,6,0
285,0,0,0,0,0,0,0,0,0,0
286,0,1,1,3,3,3,4,2,2,2
287,0,1,1,3,3,3,4,2,2,2
288,0,1,2,2,1,1,1,4,4,4
289,0,1,1,3,3,3,4,2,2,2
290,0,1,1,3,3,3,4,1,1,1
291,0,1,2,2,2,2,3,7,8,8
292,0,1,2,3,1,1,1,1,1,1
293,0,1,2,2,2,2,3,7,8,8
294,0,1,1,3,3,3,2,2,7,7
295,0,1,2,3,3,3,3,1,8,8
296,0,1,2,2,1,1,1,1,1,1
297,0,0,0,1,4,4,6,3,3,3
298,0,0,0,0,0,0,0,0,0,9
299,0,1,1,3,3,3,4,2,2,2
300,0,0,0,0,0,0,0,0,0,9
301,0,1,1,3,3,3,4,2,2,2
302,0,1,1,3,3,3,4,2,2,2
303,0,1,2,2,2,2,3,7,8,8
304,0,1,2,1,4,4,6,5,5,5
305,0,0,0,0,0,0,0,0,0,9
306,0,0,0,0,0,0,0,0,0,9
307,0,1,1,1,4,4,6,5,5,5
308,0,1,1,3,1,1,1,1,1,1
309,0,1,2,2,2,2,3,7,8,8
310,0,1,2,2,2,2,3,7,8,8
311,0,1,1,3,3,3,4,2,2,2
312,0,0,2,2,2,2,3,7,8,8
313,0,1,2,2,1,1,3,1,8,8
314,0,1,1,3,3,3,4,1,1,1
315,0,1,1,3,3,3,4,2,2,2
316,0,1,2,2,2,2,2,7,7,7
317,0,1,1,3,3,3,2,2,7,7
318,0,0,0,0,0,0,0,3,3,3
319,0,1,1,1,1,1,1,1,1,1
320,0,0,0,0,0,0,0,0,0,3
321,0,1,2,3,1,1,1,4,4,4
322,0,1,1,1,4,4,6,5,5,5
323,0,1,1,3,3,3,4,2,2,0
324,0,0,0,0,0,0,0,0,0,0
325,0,0,2,2,2,2,2,7,7,7
326,0,1,1,3,1,3,4,1,1,1
327,0,1,2,2,2,2,3,7,8,8
328,0,1,1,3,3,3,4,2,2,2
329,0,0,0,2,2,2,2,7,7,7
330,0,1,2,2,2,2,2,7,7,7
331,0,1,2,2,2,2,3,7,8,8
332,0,1,1,1,4,4,6,3,3,5
333,0,1,2,2,2,2,3,7,8,8
334,0,1,1,3,3,3,4,2,2,2
335,0,1,1,3,3,3,4,1,1,1
336,0,1,1,3,3,3,2,2,7,7
337,0,0,0,0,0,0,0,0,0,9
338,0,1,2,2,2,2,3,7,8,8
339,0,1,2,2,1,1,1,4,4,4
340,0,1,1,3,3,3,4,1,1,1
341,0,1,1,3,3,3,4,2,2,0
342,0,1,1,3,1,1,4,1,1,1
343,0,1,2,2,2,2,3,7,8,8
344,0,1,1,1,4,4,6,3,5,5
345,0,1,1,3,1,3,4,1,1,1
346,0,0,0,0,0,0,0,0,0,9
347,0,0,0,0,0,0,0,0,0,0
348,0,0,0,0,0,0,0,0,0,9
349,0,1,1,3,3,3,4,2,2,2
350,0,1,1,3,3,3,4,1,2,2
351,0,0,2,1,4,4,6,3,3,5
352,0,1,1,3,3,3,4,2,2,2
353,0,0,2,2,2,5,5,6,6,6
354,0,0,2,2,2,2,3,7,8,8
355,0,0,2,2,2,2,3,7,8,8
356,0,1,1,1,4,4,6,5,5,3
357,0,0,2,2,2,2,3,7,8,8
358,0,0,0,0,0,0,0,0,0,9
359,0,0,0,0,0,0,0,0,0,9
360,0,1,1,1,4,4,6,5,5,3
361,0,1,1,3,3,3,4,1,1,1
362,0,1,2,2,2,2,2,7,7,7
363,0,0,2,1,4,4,6,3,3,5
364,0,1,2,2,2,2,2,7,7,7
365,0,1,1,3,3,3,4,5,5,1
366,0,0,0,0,0,0,0,0,0,9
367,0,0,0,0,0,0,0,0,0,9
368,0,1,1,1,4,4,6,3,3,5
369,0,0,0,2,2,2,2,7,7,7
370,0,0,2,2,2,2,3,7,8,7
371,0,1,2,2,2,2,3,7,8,8
372,0,0,0,0,0,0,0,0,0,9
373,0,1,2,2,1,1,1,4,4,4
374,0,1,1,3,3,3,4,2,2,2
375,0,0,0,2,2,2,2,7,7,7
376,0,1,1,3,3,3,4,2,2,2
377,0,0,0,0,0,0,0,0,7,0
378,0,1,2,2,2,2,3,7,8,8
379,0,0,0,0,0,0,0,0,0,9
380,0,0,0,0,0,0,0,0,0,9
381,0,0,0,0,0,0,0,0,0,9
382,0,1,2,2,3,2,3,1,8,8
383,0,1,1,3,1,1,1,1,1,1
384,0,0,0,0,0,0,0,0,0,0
385,0,1,1,3,3,3,4,2,2,0
386,0,1,1,3,1,1,1,1,1,1
387,0,0,2,2,2,2,2,7,7,7
388,0,0,0,0,0,0,0,0,0,0
389,0,0,2,2,1,1,1,4,4,4
390,0,1,1,3,1,3,4,1,1,1
391,0,0,0,0,0,0,0,0,0,9
392,0,1,1,3,3,3,4,2,2,0
393,0,0,0,0,0,0,0,0,0,0
394,0,1,1,3,3,3,4,2,2,2
395,0,0,0,0,0,0,0,0,0,0
396,0,0,0,0,0,0,0,3,3,0
397,0,0,0,0,0,0,0,0,0,9
398,0,0,0,0,0,0,0,0,0,9
399,0,1,1,3,3,3,4,2,2,0
400,0,0,2,2,2,2,3,7,8,8
401,0,0,0,0,0,0,0,0,0,9
402,0,1,2,2,1,1,1,1,8,8
403,0,1,1,3,3,3,4,2,2,2
404,0,0,0,0,0,0,0,0,0,0
405,0,1,1,3,3,3,4,2,2,2
406,0,1,2,2,2,2,3,7,8,8
407,0,0,0,0,0,0,0,0,0,9
408,0,1,2,2,1,1,2,7,7,7
409,0,1,2,2,2,2,2,2,7,7
410,0,0,0,0,0,0,0,0,0,0
411,0,1,2,1,4,4,6,3,3,5
412,0,1,1,3,3,3,4,2,2,2
413,0,0,0,0,0,0,0,0,0,9
414,0,0,2,2,2,2,2,7,7,7
415,0,1,1,1,4,4,6,5,5,5
416,0,1,2,2,2,2,2,7,7,7
417,0,1,2,2,1,1,1,4,4,4
418,0,1,1,3,3,3,4,2,2,2
419,0,1,1,3,3,3,4,2,2,2
420,0,0,0,0,0,0,0,0,0,9
421,0,1,1,3,3,3,4,1,1,1
422,0,1,1,3,3,3,4,2,2,0
423,0,0,0,0,0,0,0,0,0,0
424,0,0,0,0,0,0,0,0,0,0
425,0,0,0,0,0,0,0,0,0,9
426,0,1,1,1,4,4,6,3,3,5
427,0,1,1,3,3,3,2,2,7,7
428,0,0,0,0,0,0,0,0,0,9
429,0,1,1,3,3,3,4,2,2,2
430,0,1,1,3,3,3,2,2,7,7
431,0,1,2,2,2,2,2,7,7,7
432,0,1,2,2,1,1,1,1,1,1
433,0,1,2,2,2,2,2,7,8,8
434,0,0,2,2,1,1,1,4,4,4
435,0,0,2,1,1,1,1,3,3,9
436,0,1,1,3,3,3,4,2,2,2
437,0,1,1,3,1,3,4,1,1,1
438,0,0,0,0,0,0,0,0,0,9
439,0,1,1,1,4,4,6,3,3,5
440,0,0,0,0,0,0,0,0,0,9
441,0,1,1,1,4,4,6,5,5,5
442,0,1,1,3,3,3,4,2,2,2
443,0,1,2,3,1,1,1,1,1,1
444,0,1,2,2,2,2,2,7,7,7
445,0,1,2,2,2,2,2,7,8,7
446,0,1,1,3,3,2,2,7,2,2
447,0,1,1,1,4,4,6,5,5,3
448,0,1,2,2,2,2,2,7,7,7
449,0,1,2,2,2,2,3,7,8,8
450,0,0,0,0,1,1,1,1,1,0
451,0,0,0,0,0,0,0,0,0,9
452,0,1,2,2,2,2,2,7,7,7
453,0,1,1,3,1,1,1,4,4,4
454,0,0,0,0,0,0,0,0,0,9
455,0,0,2,2,2,2,3,7,8,8
456,0,1,2,2,2,2,2,7,7,7
457,0,1,1,3,3,3,4,2,2,2
458,0,1,1,3,3,3,4,2,2,2
459,0,1,1,3,1,1,1,1,1,1
460,0,1,2,2,2,2,2,7,7,7
461,0,1,1,3,3,3,4,2,2,2
462,0,0,2,2,2,2,2,7,7,7
463,0,1,1,1,4,4,6,5,5,5
464,0,0,2,2,2,2,3,7,7,0
465,0,1,1,3,3,3,4,1,1,1
466,0,1,1,2,2,2,2,7,7,7
467,0,1,1,3,3,3,2,2,7,7
468,0,1,1,1,4,4,2,5,7,7
469,0,1,1,3,3,3,2,2,7,7
470,0,0,0,0,0,0,0,0,0,9
471,0,1,1,1,4,4,6,3,3,5
472,0,1,2,2,2,2,2,7,7,7
473,0,1,1,3,3,3,4,2,2,2
474,0,1,1,3,3,3,4,2,2,2
475,0,1,1,3,3,3,4,2,2,2
476,0,1,1,1,4,4,6,3,3,3
477,0,1,1,3,3,3,4,1,1,1
478,0,1,2,3,3,3,3,1,8,8
479,0,1,1,1,4,4,6,3,3,5
480,0,0,0,0,0,0,0,0,0,9
481,0,0,2,2,2,5,5,6,6,6
482,0,1,1,3,3,3,4,2,2,2
483,0,0,2,2,2,2,2,7,7,7
484,0,1,2,2,2,2,2,7,8,7
485,0,1,1,3,3,3,4,2,2,2
486,0,1,1,3,3,3,4,2,2,2
487,0,0,0,0,0,0,0,0,0,9
488,0,0,0,0,0,0,0,0,0,9
489,0,1,2,2,2,2,2,7,7,7
490,0,1,1,3,3,3,4,2,2,2
491,0,0,0,0,0,0,0,0,0,9
492,0,1,1,3,3,3,4,5,5,5
493,0,1,1,3,3,3,4,2,2,2
494,0,1,1,1,4,4,6,5,5,5
495,0,1,1,3,3,3,4,2,2,0
496,0,0,0,0,0,0,0,0,0,9
497,0,1,2,2,1,1,1,1,1,1
498,0,1,1,1,4,4,6,5,3,5
499,0,1,1,3,3,3,4,2,2,2
500,0,1,2,1,1,1,1,4,4,4
501,0,1,1,3,3,3,4,2,2,2
502,0,1,2,3,1,1,4,1,1,1
503,0,1,1,3,3,3,4,2,2,2
504,0,0,0,0,0,0,0,0,0,9
505,0,1,1,1,4,4,6,5,3,3
506,0,0,0,0,0,0,0,0,0,9
507,0,1,1,3,3,3,2,2,7,7
508,0,1,1,3,3,3,4,2,2,2
509,0,1,1,3,3,3,4,2,2,2
510,0,0,0,0,0,0,0,0,0,9
511,0,0,0,0,0,0,0,0,0,9
512,0,1,2,2,1,1,3,1,8,8
513,0,1,1,3,3,3,4,2,2,2
514,0,1,2,2,1,1,2,1,7,7
515,0,0,0,0,2,2,2,7,7,7
516,0,1,1,1,1,1,1,1,1,1
517,0,0,0,0,0,0,0,3,3,9
518,0,1,1,3,3,3,4,2,2,2
519,0,0,0,0,0,0,0,0,0,9
520,0,1,2,3,3,3,3,1,8,8
521,0,1,2,1,4,4,6,3,3,5
522,0,1,2,2,1,1,1,1,1,1
523,0,1,2,2,1,1,3,1,8,8
524,0,1,2,1,4,4,6,3,3,5
525,0,1,2,2,2,2,3,7,8,8
526,0,1,2,2,1,1,1,4,4,4
527,0,1,1,3,3,3,4,2,2,2
528,0,0,2,2,2,2,2,7,7,7
529,0,0,0,0,0,0,0,0,0,9
530,0,1,1,3,1,1,1,1,1,1
531,0,1,1,3,3,3,4,2,2,2
532,0,1,2,3,1,1,1,1,1,1
533,0,1,1,3,3,3,4,1,1,1
534,0,1,1,1,4,4,6,5,3,3
535,0,1,2,2,2,2,3,7,8,8
536,0,0,0,0,0,0,0,0,0,0
537,0,1,2,2,2,2,3,7,8,8
538,0,1,1,1,4,4,6,5,5,3
539,0,1,1,3,3,3,4,2,2,2
540,0,1,1,3,3,3,4,2,1,1
541,0,1,1,3,3,3,4,2,2,2
542,0,1,1,3,3,3,4,2,2,2
543,0,1,1,1,4,4,6,5,5,5
544,0,1,2,2,2,2,3,7,8,8
545,0,0,2,2,2,2,3,7,8,8
546,0,1,1,1,4,4,6,5,5,5
547,0,1,1,1,4,4,6,5,5,5
548,0,1,2,1,4,4,6,3,3,5
549,0,0,2,2,2,2,3,7,8,8
550,0,1,1,1,4,4,6,5,5,5
551,0,1,1,1,4,4,6,5,5,5
552,0,1,2,3,3,3,3,2,8,8
553,0,1,2,2,1,1,1,4,4,4
554,0,0,2,2,2,2,3,7,8,8
555,0,0,2,2,2,2,3,7,8,8
556,0,0,2,2,2,2,3,7,8,8
557,0,1,1,3,3,3,2,2,2,2
558,0,1,2,2,1,1,1,1,1,1
559,0,1,1,1,4,4,6,5,5,5
560,0,1,1,3,1,1,1,1,1,1
561,0,1,1,3,3,3,4,2,2,2
562,0,0,2,2,2,2,3,7,8,8
563,0,1,1,3,3,3,4,2,2,2
564,0,1,1,3,3,3,2,5,7,7
565,0,1,1,1,1,1,1,1,1,1
566,0,1,1,1,4,4,6,5,5,5
567,0,0,2,2,2,2,2,7,7,7
568,0,1,1,3,3,3,2,2,7,0
569,0,1,1,3,3,3,4,2,2,0
570,0,1,2,2,2,2,2,7,7,7
571,0,1,1,3,3,3,4,2,2,2
572,0,1,1,1,4,4,6,3,3,5
573,0,1,1,3,3,3,4,2,2,2
574,0,0,0,0,0,0,0,0,0,0
575,0,0,2,2,2,5,5,6,6,6
576,0,0,0,0,3,3,2,2,7,0
577,0,0,0,0,0,0,0,0,0,9
578,0,0,0,0,0,0,0,0,0,9
579,0,0,0,0,0,0,0,0,0,9
580,0,1,1,1,4,4,6,3,3,3
581,0,0,0,0,0,5,5,6,6,6
582,0,1,1,1,4,4,6,5,5,5
583,0,1,1,3,3,3,4,2,2,2
584,0,1,2,2,1,1,1,4,4,4
585,0,1,1,3,3,3,4,2,2,2
586,0,1,1,3,3,3,4,2,2,2
587,0,0,0,0,0,5,5,6,6,6
588,0,1,1,1,4,4,6,5,5,5
589,0,1,1,3,3,3,4,1,1,1
590,0,1,1,3,3,3,4,2,2,2
591,0,1,1,3,3,3,2,2,7,7
592,0,1,1,1,4,4,6,5,3,3
593,0,0,0,0,0,0,0,0,0,0
594,0,1,1,3,3,3,2,2,7,7
595,0,1,1,1,4,4,6,5,5,5
596,0,1,1,1,4,4,6,3,3,5
597,0,1,1,1,4,4,6,5,5,5
598,0,0,2,2,2,2,2,7,7,7
599,0,0,0,0,3,0,0,2,2,0
600,0,0,0,0,0,0,0,0,1,0
601,0,1,2,2,2,2,2,7,7,7
602,0,0,0,0,0,0,0,0,0,9
603,0,1,1,3,3,3,4,1,1,1
604,0,0,0,0,0,0,0,0,0,9
605,0,1,1,3,3,3,4,1,1,1
606,0,1,2,2,2,2,3,1,8,8
607,0,1,1,3,3,3,4,2,2,2
608,0,1,2,2,2,2,2,7,7,7
609,0,1,1,1,4,4,6,3,3,3
610,0,1,2,2,2,2,3,7,8,8
611,0,1,1,3,3,3,4,2,2,0
612,0,1,2,1,2,2,3,3,8,5
613,0,0,0,0,0,0,0,0,7,7
614,0,1,1,3,2,2,2,5,7,7
615,0,0,2,2,2,2,3,7,8,8
616,0,1,1,3,3,3,4,2,2,2
617,0,1,2,2,1,1,1,4,4,4
618,0,1,2,2,2,2,2,7,7,7
619,0,1,1,3,3,3,4,2,2,2
620,0,1,2,2,1,1,1,1,1,1
621,0,1,1,3,3,3,4,2,2,2
622,0,0,2,2,2,2,2,7,7,7
623,0,1,2,2,2,2,3,7,8,8
624,0,1,2,2,2,2,2,7,7,7
625,0,1,2,2,2,2,3,7,8,8
626,0,1,1,3,3,3,4,2,2,2
627,0,1,1,1,4,4,6,5,5,5
628,0,1,2,1,4,4,6,3,3,5
629,0,0,0,0,0,0,0,0,0,0
630,0,0,0,0,0,0,0,2,7,0
631,0,1,1,3,1,1,1,1,1,1
632,0,1,1,1,4,4,6,5,5,3
633,0,0,0,0,0,0,0,0,0,9
634,0,1,1,3,3,3,4,2,2,2
635,0,1,1,2,2,2,2,7,7,7
636,0,1,1,1,4,4,6,3,5,5
637,0,1,1,3,3,3,4,2,2,2
638,0,1,1,3,3,3,4,1,1,1
639,0,0,2,2,2,2,3,7,8,8
640,0,1,1,3,3,3,4,2,2,2
641,0,1,1,1,4,4,6,5,5,3
642,0,1,1,3,3,3,4,2,2,2
643,0,0,0,2,2,2,2,7,7,7
644,0,0,0,0,0,0,0,0,0,9
645,0,0,0,1,4,4,6,3,3,3
646,0,1,1,3,3,3,2,5,7,7
647,0,1,1,3,1,3,4,1,1,1
648,0,1,1,1,4,4,6,5,5,5
649,0,1,1,1,4,4,6,3,5,5
650,0,1,2,1,4,4,6,3,3,5
651,0,1,1,1,4,4,6,3,3,5
652,0,1,1,1,4,4,6,5,3,3
653,0,1,2,2,2,2,2,7,7,7
654,0,1,1,3,3,3,4,2,2,0
655,0,1,1,1,4,4,6,1,5,5
656,0,0,0,0,0,0,0,0,0,0
657,0,1,1,1,4,4,6,3,3,3
658,0,1,1,3,3,3,2,2,7,2
659,0,1,1,1,4,4,6,3,3,5
660,0,1,1,1,4,4,6,3,3,3
661,0,1,1,3,3,3,4,2,2,2
662,0,1,1,3,3,3,4,2,2,0
663,0,0,0,1,4,4,6,3,3,3
664,0,1,1,3,1,3,4,1,1,1
665,0,1,1,1,4,4,6,3,5,5
666,0,0,0,0,0,0,0,0,0,9
667,0,1,1,1,4,4,6,5,5,5
668,0,1,1,3,1,1,1,1,1,1
669,0,1,1,1,4,4,6,3,5,5
670,0,0,0,1,4,4,6,3,3,3
671,0,1,1,2,2,2,2,7,7,7
672,0,1,1,3,1,1,1,1,1,1
673,0,1,2,2,2,2,3,7,8,8
674,0,1,2,1,4,4,6,3,3,3
675,0,1,1,3,3,3,4,2,2,2
676,0,0,0,0,0,0,3,0,0,9
677,0,0,0,0,0,0,0,0,0,0
678,0,1,1,3,3,3,4,2,2,2
679,0,1,2,2,2,2,2,7,7,7
680,0,0,2,2,2,2,3,7,8,8
681,0,0,0,0,0,0,0,0,0,9
682,0,0,0,0,0,0,0,3,3,3
683,0,1,1,1,4,4,6,5,5,5
684,0,1,2,2,2,2,2,7,7,7
685,0,1,1,3,3,3,2,2,7,0
686,0,0,0,0,0,0,0,0,0,0
687,0,1,1,3,3,3,4,2,2,2
688,0,0,0,0,0,0,0,3,3,3
689,0,1,1,1,4,4,6,5,5,5
690,0,1,1,3,1,3,4,1,1,1
691,0,0,0,1,4,4,6,3,3,3
692,0,1,1,3,3,3,4,2,2,2
693,0,1,1,3,3,3,2,5,7,7
694,0,1,1,3,3,3,4,2,2,2
695,0,1,1,3,3,3,2,5,7,7
696,0,1,2,2,2,2,3,7,8,8
697,0,1,2,2,2,2,3,7,8,8
698,0,0,0,0,0,0,0,0,0,9
699,0,0,2,2,2,2,3,7,8,8
700,0,1,1,1,4,4,6,5,5,5
701,0,0,0,0,0,0,0,0,0,9
702,0,0,0,0,2,2,0,7,0,9
703,0,0,2,2,2,2,3,7,8,8
704,0,0,0,1,4,4,6,3,3,3
705,0,1,2,3,1,1,1,1,1,1
706,0,1,1,3,3,3,4,2,2,2
707,0,1,2,2,2,2,2,7,7,7
708,0,0,0,0,0,0,0,0,0,9
709,0,0,0,0,0,0,0,0,7,9
710,0,1,1,1,4,4,6,5,5,5
711,0,1,2,2,2,2,2,7,7,7
712,0,1,1,3,3,3,4,2,2,2
713,0,1,2,3,1,3,3,1,1,1
714,0,0,0,0,0,0,0,0,0,9
715,0,1,1,3,3,3,4,2,2,2
716,0,1,2,1,1,1,1,4,4,4
717,0,1,1,3,3,3,4,1,1,1
718,0,1,2,2,1,1,1,4,4,4
719,0,0,0,0,0,0,0,0,0,9
720,0,1,1,3,3,3,4,2,2,2
721,0,1,2,2,2,2,2,7,7,7
722,0,1,1,3,3,3,2,5,5,2
723,0,1,1,1,4,4,6,5,5,3
724,0,1,1,3,3,3,4,2,2,2
725,0,1,1,1,4,4,6,3,3,3
726,0,1,2,2,1,1,3,1,8,8
727,0,0,2,2,1,1,1,4,4,4
728,0,1,1,3,3,3,4,2,2,2
729,0,1,1,3,3,3,4,2,2,2
730,0,0,2,2,2,2,2,7,7,7
731,0,1,2,2,2,2,3,7,8,8
732,0,0,0,0,0,0,0,0,0,9
733,0,1,1,3,3,3,4,2,2,2
734,0,1,1,1,4,4,6,5,5,5
735,0,1,1,3,3,3,4,2,2,0
736,0,1,2,2,2,5,5,6,6,6
737,0,1,1,3,3,3,4,1,1,1
738,0,1,1,3,3,3,4,2,2,2
739,0,0,2,2,2,2,3,7,8,8
740,0,1,1,3,1,1,1,1,1,1
741,0,1,1,3,3,3,4,2,2,2
742,0,1,1,3,3,2,2,7,2,2
743,0,1,2,2,1,1,1,4,4,4
744,0,1,2,2,2,2,2,7,7,7
745,0,1,2,2,2,2,3,7,8,8
746,0,1,1,3,3,3,2,2,7,7
747,0,1,2,2,2,2,2,7,7,7
748,0,1,1,1,4,4,6,5,5,5
749,0,1,1,1,4,4,6,5,5,3
750,0,1,1,3,3,3,4,2,2,2
751,0,1,2,2,2,2,3,7,8,8
752,0,1,2,3,1,1,3,1,1,1
753,0,1,1,1,4,4,6,3,3,3
754,0,1,1,1,4,4,6,3,3,3
755,0,0,2,2,2,2,2,7,7,7
756,0,1,1,2,2,2,2,7,7,7
757,0,1,2,1,4,4,6,3,3,5
758,0,1,2,2,2,2,3,7,8,8
759,0,1,2,2,2,2,3,7,8,8
760,0,1,1,3,3,3,4,2,2,2
761,0,1,1,3,3,3,4,2,2,0
762,0,0,2,2,2,2,3,7,7,7
763,0,1,1,3,3,3,4,2,2,2
764,0,1,1,3,3,3,4,1,1,1
765,0,1,1,3,3,3,4,1,1,1
766,0,1,1,3,3,3,4,2,1,0
767,0,1,1,3,3,3,4,1,2,2
768,0,1,1,3,1,3,4,1,1,1
769,0,1,1,3,1,1,1,1,1,1
770,0,0,2,2,2,2,3,7,8,8
771,0,1,1,3,1,1,4,1,1,1
772,0,1,1,1,4,4,6,5,5,3
773,0,1,1,3,3,3,2,2,7,7
774,0,1,1,3,3,3,4,2,1,1
775,0,1,1,1,4,4,6,5,5,5
776,0,0,0,0,0,5,5,6,6,6
777,0,0,0,0,0,0,0,0,0,9
778,0,0,0,0,0,0,0,0,0,9
779,0,1,2,2,1,1,1,4,4,4
780,0,1,1,3,3,3,2,2,7,2
781,0,0,2,2,2,2,2,7,7,7
782,0,1,1,3,3,3,4,2,2,2
783,0,1,1,3,3,3,4,2,2,2
784,0,0,2,2,2,5,5,6,6,6
785,0,0,2,2,2,2,3,7,8,8
786,0,0,2,2,1,1,1,4,4,4
787,0,1,1,3,3,3,2,2,2,2
788,0,1,1,3,1,1,1,1,1,1
789,0,0,2,2,2,2,2,7,7,7
790,0,0,2,2,2,2,2,7,7,7
791,0,1,1,3,3,3,4,2,2,2
792,0,1,2,2,2,2,3,7,8,8
793,0,1,1,3,1,1,1,4,4,4
794,0,1,1,1,4,4,6,3,3,5
795,0,1,1,1,4,4,6,5,5,5
796,0,1,1,1,4,4,6,3,3,5
797,0,1,1,1,4,4,6,5,5,5
798,0,1,2,2,1,1,1,1,1,1
799,0,0,0,1,4,4,6,3,3,3
800,0,0,2,2,2,2,2,7,7,7
801,0,1,1,1,4,4,6,3,3,3
802,0,0,0,0,0,0,0,0,0,9
803,0,1,2,2,2,2,2,7,7,7
804,0,1,2,2,2,2,2,7,7,7
805,0,1,2,2,2,2,3,7,8,8
806,0,0,0,0,0,5,5,6,6,6
807,0,1,1,1,4,4,6,5,5,2
808,0,1,2,2,2,2,3,7,8,8
809,0,1,1,1,4,4,6,3,3,3
810,0,1,2,1,4,4,6,3,3,5
811,0,1,2,2,2,2,3,7,8,8
812,0,0,0,0,0,0,0,0,0,9
813,0,0,0,0,0,0,0,0,0,9
814,0,1,1,3,3,3,4,2,2,2
815,0,1,1,3,3,3,4,2,2,2
816,0,1,2,2,2,2,3,7,8,8
